{
  "version": "20.0.0",
  "files": {
    "ea1f0889371c1828eacb500e36c951bf3cf566f21665a811efe1d5ca48a62dd0": {
      "source": {
        "path": "asset.ea1f0889371c1828eacb500e36c951bf3cf566f21665a811efe1d5ca48a62dd0",
        "packaging": "zip"
      },
      "destinations": {
        "current_account-current_region": {
          "bucketName": "cdk-hnb659fds-assets-${AWS::AccountId}-${AWS::Region}",
          "objectKey": "ea1f0889371c1828eacb500e36c951bf3cf566f21665a811efe1d5ca48a62dd0.zip",
          "assumeRoleArn": "arn:${AWS::Partition}:iam::${AWS::AccountId}:role/cdk-hnb659fds-file-publishing-role-${AWS::AccountId}-${AWS::Region}"
        }
      }
    },
    "f63d87e3cddb99ca48dff262409f5961c1b5a8cf072db9b012af2edfb427771b": {
      "source": {
        "path": "AwsLambdaStack.template.json",
        "packaging": "file"
      },
      "destinations": {
        "current_account-current_region": {
          "bucketName": "cdk-hnb659fds-assets-${AWS::AccountId}-${AWS::Region}",
          "objectKey": "f63d87e3cddb99ca48dff262409f5961c1b5a8cf072db9b012af2edfb427771b.json",
          "assumeRoleArn": "arn:${AWS::Partition}:iam::${AWS::AccountId}:role/cdk-hnb659fds-file-publishing-role-${AWS::AccountId}-${AWS::Region}"
        }
      }
    }
  },
  "dockerImages": {}
}