{
  "version": "20.0.0",
  "files": {
    "29df9725df2de03869e6673ae1ca9e612ae16a1032190d55c306bd1262aff0ea": {
      "source": {
        "path": "asset.29df9725df2de03869e6673ae1ca9e612ae16a1032190d55c306bd1262aff0ea.py",
        "packaging": "file"
      },
      "destinations": {
        "current_account-current_region": {
          "bucketName": "cdk-hnb659fds-assets-${AWS::AccountId}-${AWS::Region}",
          "objectKey": "29df9725df2de03869e6673ae1ca9e612ae16a1032190d55c306bd1262aff0ea.py",
          "assumeRoleArn": "arn:${AWS::Partition}:iam::${AWS::AccountId}:role/cdk-hnb659fds-file-publishing-role-${AWS::AccountId}-${AWS::Region}"
        }
      }
    },
    "84aac5f43055ebe2476dfd5ab6bbf1fb5831764193a46163e063272691d04372": {
      "source": {
        "path": "GlueJobStack.template.json",
        "packaging": "file"
      },
      "destinations": {
        "current_account-current_region": {
          "bucketName": "cdk-hnb659fds-assets-${AWS::AccountId}-${AWS::Region}",
          "objectKey": "84aac5f43055ebe2476dfd5ab6bbf1fb5831764193a46163e063272691d04372.json",
          "assumeRoleArn": "arn:${AWS::Partition}:iam::${AWS::AccountId}:role/cdk-hnb659fds-file-publishing-role-${AWS::AccountId}-${AWS::Region}"
        }
      }
    }
  },
  "dockerImages": {}
}