{
 "Parameters": {
  "curreportdb": {
   "Type": "String",
   "Default": "cur_report_db",
   "AllowedPattern": "[\\w-]+",
   "Description": "Name of Glue Database to be created for CUR report."
  },
  "curreport": {
   "Type": "String",
   "Default": "cur_report_tbl",
   "AllowedPattern": "[\\w-]+",
   "Description": "Name of Glue Table to be created for CUR report."
  },
  "BootstrapVersion": {
   "Type": "AWS::SSM::Parameter::Value<String>",
   "Default": "/cdk-bootstrap/hnb659fds/version",
   "Description": "Version of the CDK Bootstrap resources in this environment, automatically retrieved from SSM Parameter Store. [cdk:skip]"
  }
 },
 "Resources": {
  "curdb": {
   "Type": "AWS::Glue::Database",
   "Properties": {
    "CatalogId": {
     "Ref": "AWS::AccountId"
    },
    "DatabaseInput": {
     "Description": "Database for CUR report.",
     "Name": {
      "Ref": "curreportdb"
     }
    }
   },
   "Metadata": {
    "aws:cdk:path": "glueetl/curdb"
   }
  },
  "curreporttable": {
   "Type": "AWS::Glue::Table",
   "Properties": {
    "CatalogId": {
     "Ref": "AWS::AccountId"
    },
    "DatabaseName": {
     "Ref": "curreportdb"
    },
    "TableInput": {
     "Description": "CUR report Table",
     "Name": {
      "Ref": "curreport"
     },
     "Parameters": {
      "classification": "csv",
      "typeOfData": "file"
     },
     "StorageDescriptor": {
      "InputFormat": "org.apache.hadoop.mapred.TextInputFormat",
      "Location": "s3://postnlbusket/postnl/postnl_report/20220801-20220901/20220823T233621Z/postnl_report-00001.csv.gz",
      "OutputFormat": "org.apache.hadoop.hive.ql.io.HiveIgnoreKeyTextOutputFormat",
      "Parameters": {
       "key": "field.delim"
      },
      "SerdeInfo": {
       "Name": "miztiikAutomationSerDeConfig",
       "Parameters": {
        "paths": ""
       },
       "SerializationLibrary": "org.openx.data.jsonserde.JsonSerDe"
      }
     },
     "TableType": "EXTERNAL_TABLE"
    }
   },
   "DependsOn": [
    "curdb"
   ],
   "Metadata": {
    "aws:cdk:path": "glueetl/curreporttable"
   }
  },
  "CDKMetadata": {
   "Type": "AWS::CDK::Metadata",
   "Properties": {
    "Analytics": "v2:deflate64:H4sIAAAAAAAA/yWKQQ6CMBBFz8K+HdEmXgD3EnBvpmXUEWhNO40xhLtLdfVf/nsHMAbqCt9Ju2HUE1tYekE3qubmW4w4k1BUm7/ep0ywbPcJBS0mKskF7URroXOWV5ZCHaWQo/v5JviBhYNfVfuRR/A7A/sajtUzMeuYvfBM0P33C9jyeeeNAAAA"
   },
   "Metadata": {
    "aws:cdk:path": "glueetl/CDKMetadata/Default"
   },
   "Condition": "CDKMetadataAvailable"
  }
 },
 "Outputs": {
  "CUR": {
   "Description": "Glue CUR Table.",
   "Value": {
    "Fn::Join": [
     "",
     [
      "https://console.aws.amazon.com/glue/home?region=",
      {
       "Ref": "AWS::Region"
      },
      "#table:catalog=",
      {
       "Ref": "AWS::AccountId"
      },
      ";name=",
      {
       "Ref": "curreport"
      },
      ";namespace=",
      {
       "Ref": "curreportdb"
      }
     ]
    ]
   }
  }
 },
 "Conditions": {
  "CDKMetadataAvailable": {
   "Fn::Or": [
    {
     "Fn::Or": [
      {
       "Fn::Equals": [
        {
         "Ref": "AWS::Region"
        },
        "af-south-1"
       ]
      },
      {
       "Fn::Equals": [
        {
         "Ref": "AWS::Region"
        },
        "ap-east-1"
       ]
      },
      {
       "Fn::Equals": [
        {
         "Ref": "AWS::Region"
        },
        "ap-northeast-1"
       ]
      },
      {
       "Fn::Equals": [
        {
         "Ref": "AWS::Region"
        },
        "ap-northeast-2"
       ]
      },
      {
       "Fn::Equals": [
        {
         "Ref": "AWS::Region"
        },
        "ap-south-1"
       ]
      },
      {
       "Fn::Equals": [
        {
         "Ref": "AWS::Region"
        },
        "ap-southeast-1"
       ]
      },
      {
       "Fn::Equals": [
        {
         "Ref": "AWS::Region"
        },
        "ap-southeast-2"
       ]
      },
      {
       "Fn::Equals": [
        {
         "Ref": "AWS::Region"
        },
        "ca-central-1"
       ]
      },
      {
       "Fn::Equals": [
        {
         "Ref": "AWS::Region"
        },
        "cn-north-1"
       ]
      },
      {
       "Fn::Equals": [
        {
         "Ref": "AWS::Region"
        },
        "cn-northwest-1"
       ]
      }
     ]
    },
    {
     "Fn::Or": [
      {
       "Fn::Equals": [
        {
         "Ref": "AWS::Region"
        },
        "eu-central-1"
       ]
      },
      {
       "Fn::Equals": [
        {
         "Ref": "AWS::Region"
        },
        "eu-north-1"
       ]
      },
      {
       "Fn::Equals": [
        {
         "Ref": "AWS::Region"
        },
        "eu-south-1"
       ]
      },
      {
       "Fn::Equals": [
        {
         "Ref": "AWS::Region"
        },
        "eu-west-1"
       ]
      },
      {
       "Fn::Equals": [
        {
         "Ref": "AWS::Region"
        },
        "eu-west-2"
       ]
      },
      {
       "Fn::Equals": [
        {
         "Ref": "AWS::Region"
        },
        "eu-west-3"
       ]
      },
      {
       "Fn::Equals": [
        {
         "Ref": "AWS::Region"
        },
        "me-south-1"
       ]
      },
      {
       "Fn::Equals": [
        {
         "Ref": "AWS::Region"
        },
        "sa-east-1"
       ]
      },
      {
       "Fn::Equals": [
        {
         "Ref": "AWS::Region"
        },
        "us-east-1"
       ]
      },
      {
       "Fn::Equals": [
        {
         "Ref": "AWS::Region"
        },
        "us-east-2"
       ]
      }
     ]
    },
    {
     "Fn::Or": [
      {
       "Fn::Equals": [
        {
         "Ref": "AWS::Region"
        },
        "us-west-1"
       ]
      },
      {
       "Fn::Equals": [
        {
         "Ref": "AWS::Region"
        },
        "us-west-2"
       ]
      }
     ]
    }
   ]
  }
 },
 "Rules": {
  "CheckBootstrapVersion": {
   "Assertions": [
    {
     "Assert": {
      "Fn::Not": [
       {
        "Fn::Contains": [
         [
          "1",
          "2",
          "3",
          "4",
          "5"
         ],
         {
          "Ref": "BootstrapVersion"
         }
        ]
       }
      ]
     },
     "AssertDescription": "CDK bootstrap stack version 6 required. Please run 'cdk bootstrap' with a recent version of the CDK CLI."
    }
   ]
  }
 }
}