{
  "version": "20.0.0",
  "files": {
    "6bf8595ed1f77a05284adc5e15e569791d133289644894a43f5f4e5b01427684": {
      "source": {
        "path": "GlueEtlTbDb.template.json",
        "packaging": "file"
      },
      "destinations": {
        "current_account-current_region": {
          "bucketName": "cdk-hnb659fds-assets-${AWS::AccountId}-${AWS::Region}",
          "objectKey": "6bf8595ed1f77a05284adc5e15e569791d133289644894a43f5f4e5b01427684.json",
          "assumeRoleArn": "arn:${AWS::Partition}:iam::${AWS::AccountId}:role/cdk-hnb659fds-file-publishing-role-${AWS::AccountId}-${AWS::Region}"
        }
      }
    }
  },
  "dockerImages": {}
}