{
  "version": "20.0.0",
  "files": {
    "ad88aa867e357829899e3716f318c490c4b9eadcc72062fffda6bd777412b422": {
      "source": {
        "path": "asset.ad88aa867e357829899e3716f318c490c4b9eadcc72062fffda6bd777412b422.py",
        "packaging": "file"
      },
      "destinations": {
        "current_account-current_region": {
          "bucketName": "cdk-hnb659fds-assets-${AWS::AccountId}-${AWS::Region}",
          "objectKey": "ad88aa867e357829899e3716f318c490c4b9eadcc72062fffda6bd777412b422.py",
          "assumeRoleArn": "arn:${AWS::Partition}:iam::${AWS::AccountId}:role/cdk-hnb659fds-file-publishing-role-${AWS::AccountId}-${AWS::Region}"
        }
      }
    },
    "7a443a8444d37a222253a1a1db7d35fc8cec62ab644d50350dcd9cb2793a8deb": {
      "source": {
        "path": "GlueCurJobStack.template.json",
        "packaging": "file"
      },
      "destinations": {
        "current_account-current_region": {
          "bucketName": "cdk-hnb659fds-assets-${AWS::AccountId}-${AWS::Region}",
          "objectKey": "7a443a8444d37a222253a1a1db7d35fc8cec62ab644d50350dcd9cb2793a8deb.json",
          "assumeRoleArn": "arn:${AWS::Partition}:iam::${AWS::AccountId}:role/cdk-hnb659fds-file-publishing-role-${AWS::AccountId}-${AWS::Region}"
        }
      }
    }
  },
  "dockerImages": {}
}