{
 "Description": "Glue Crawler Stack",
 "Resources": {
  "glueCrawler": {
   "Type": "AWS::Glue::Crawler",
   "Properties": {
    "Role": {
     "Fn::ImportValue": "GlueCurJobStack:ExportsOutputFnGetAttglueJobRole17DB3B8AArnA0D69907"
    },
    "Targets": {
     "S3Targets": [
      {
       "Exclusions": [
        "checkpoint/**"
       ],
       "Path": {
        "Fn::Join": [
         "",
         [
          "s3://",
          {
           "Fn::ImportValue": "S3Stack:ExportsOutputRefcurtargetbucket21FBB29AAFB0045F"
          },
          "/stream-etl"
         ]
        ]
       }
      }
     ]
    },
    "Configuration": "{\"Version\":1.0,\"CrawlerOutput\":{\"Partitions\":{\"AddOrUpdateBehavior\":\"InheritFromTable\"},\"Tables\":{\"AddOrUpdateBehavior\":\"MergeNewColumns\"}}}",
    "DatabaseName": {
     "Fn::ImportValue": "GlueEtlTbDb:ExportsOutputRefcurreportdb3470DBD2"
    },
    "Description": " Crawl the cur report store in table to enable for reporting",
    "Name": "cur_crawler",
    "Schedule": {
     "ScheduleExpression": "cron(0 * * * ? *)"
    },
    "TablePrefix": "cur_"
   },
   "Metadata": {
    "aws:cdk:path": "GlueCrawlerStack/glueCrawler"
   }
  },
  "CDKMetadata": {
   "Type": "AWS::CDK::Metadata",
   "Properties": {
    "Analytics": "v2:deflate64:H4sIAAAAAAAA/zPSMzbWM1BMLC/WTU7J1s3JTNKrDi5JTM7WAQrFp+eUpuo5p+U5FyWW56QW6QCZ/qUlBaUlIFZQanF+aVFyKojtnJ+XklmSmZ9XqxNQWZKRn6dvrGdooGemmFWcmalbVJpXkpmbqhcEoQFjshSldAAAAA=="
   },
   "Metadata": {
    "aws:cdk:path": "GlueCrawlerStack/CDKMetadata/Default"
   },
   "Condition": "CDKMetadataAvailable"
  }
 },
 "Outputs": {
  "SaleTransactionsCrawler": {
   "Description": "Glue ETL Job.",
   "Value": {
    "Fn::Join": [
     "",
     [
      " https://console.aws.amazon.com/glue/home?region=",
      {
       "Ref": "AWS::Region"
      },
      "#crawler:name=cur_crawler"
     ]
    ]
   }
  }
 },
 "Conditions": {
  "CDKMetadataAvailable": {
   "Fn::Or": [
    {
     "Fn::Or": [
      {
       "Fn::Equals": [
        {
         "Ref": "AWS::Region"
        },
        "af-south-1"
       ]
      },
      {
       "Fn::Equals": [
        {
         "Ref": "AWS::Region"
        },
        "ap-east-1"
       ]
      },
      {
       "Fn::Equals": [
        {
         "Ref": "AWS::Region"
        },
        "ap-northeast-1"
       ]
      },
      {
       "Fn::Equals": [
        {
         "Ref": "AWS::Region"
        },
        "ap-northeast-2"
       ]
      },
      {
       "Fn::Equals": [
        {
         "Ref": "AWS::Region"
        },
        "ap-south-1"
       ]
      },
      {
       "Fn::Equals": [
        {
         "Ref": "AWS::Region"
        },
        "ap-southeast-1"
       ]
      },
      {
       "Fn::Equals": [
        {
         "Ref": "AWS::Region"
        },
        "ap-southeast-2"
       ]
      },
      {
       "Fn::Equals": [
        {
         "Ref": "AWS::Region"
        },
        "ca-central-1"
       ]
      },
      {
       "Fn::Equals": [
        {
         "Ref": "AWS::Region"
        },
        "cn-north-1"
       ]
      },
      {
       "Fn::Equals": [
        {
         "Ref": "AWS::Region"
        },
        "cn-northwest-1"
       ]
      }
     ]
    },
    {
     "Fn::Or": [
      {
       "Fn::Equals": [
        {
         "Ref": "AWS::Region"
        },
        "eu-central-1"
       ]
      },
      {
       "Fn::Equals": [
        {
         "Ref": "AWS::Region"
        },
        "eu-north-1"
       ]
      },
      {
       "Fn::Equals": [
        {
         "Ref": "AWS::Region"
        },
        "eu-south-1"
       ]
      },
      {
       "Fn::Equals": [
        {
         "Ref": "AWS::Region"
        },
        "eu-west-1"
       ]
      },
      {
       "Fn::Equals": [
        {
         "Ref": "AWS::Region"
        },
        "eu-west-2"
       ]
      },
      {
       "Fn::Equals": [
        {
         "Ref": "AWS::Region"
        },
        "eu-west-3"
       ]
      },
      {
       "Fn::Equals": [
        {
         "Ref": "AWS::Region"
        },
        "me-south-1"
       ]
      },
      {
       "Fn::Equals": [
        {
         "Ref": "AWS::Region"
        },
        "sa-east-1"
       ]
      },
      {
       "Fn::Equals": [
        {
         "Ref": "AWS::Region"
        },
        "us-east-1"
       ]
      },
      {
       "Fn::Equals": [
        {
         "Ref": "AWS::Region"
        },
        "us-east-2"
       ]
      }
     ]
    },
    {
     "Fn::Or": [
      {
       "Fn::Equals": [
        {
         "Ref": "AWS::Region"
        },
        "us-west-1"
       ]
      },
      {
       "Fn::Equals": [
        {
         "Ref": "AWS::Region"
        },
        "us-west-2"
       ]
      }
     ]
    }
   ]
  }
 },
 "Parameters": {
  "BootstrapVersion": {
   "Type": "AWS::SSM::Parameter::Value<String>",
   "Default": "/cdk-bootstrap/hnb659fds/version",
   "Description": "Version of the CDK Bootstrap resources in this environment, automatically retrieved from SSM Parameter Store. [cdk:skip]"
  }
 },
 "Rules": {
  "CheckBootstrapVersion": {
   "Assertions": [
    {
     "Assert": {
      "Fn::Not": [
       {
        "Fn::Contains": [
         [
          "1",
          "2",
          "3",
          "4",
          "5"
         ],
         {
          "Ref": "BootstrapVersion"
         }
        ]
       }
      ]
     },
     "AssertDescription": "CDK bootstrap stack version 6 required. Please run 'cdk bootstrap' with a recent version of the CDK CLI."
    }
   ]
  }
 }
}