{
  "version": "20.0.0",
  "files": {
    "c8b5fbf3fdd0c6ca438c89f7f6d8477c864ec021f8922039eaf4ad32f6185c58": {
      "source": {
        "path": "GlueCrawlerStack.template.json",
        "packaging": "file"
      },
      "destinations": {
        "current_account-current_region": {
          "bucketName": "cdk-hnb659fds-assets-${AWS::AccountId}-${AWS::Region}",
          "objectKey": "c8b5fbf3fdd0c6ca438c89f7f6d8477c864ec021f8922039eaf4ad32f6185c58.json",
          "assumeRoleArn": "arn:${AWS::Partition}:iam::${AWS::AccountId}:role/cdk-hnb659fds-file-publishing-role-${AWS::AccountId}-${AWS::Region}"
        }
      }
    }
  },
  "dockerImages": {}
}