{
  "version": "20.0.0",
  "files": {
    "8ceba872fa9c41860e971a9aea741be095792d28a0aa96e62f0b5f08df2bc454": {
      "source": {
        "path": "glueetl.template.json",
        "packaging": "file"
      },
      "destinations": {
        "current_account-current_region": {
          "bucketName": "cdk-hnb659fds-assets-${AWS::AccountId}-${AWS::Region}",
          "objectKey": "8ceba872fa9c41860e971a9aea741be095792d28a0aa96e62f0b5f08df2bc454.json",
          "assumeRoleArn": "arn:${AWS::Partition}:iam::${AWS::AccountId}:role/cdk-hnb659fds-file-publishing-role-${AWS::AccountId}-${AWS::Region}"
        }
      }
    }
  },
  "dockerImages": {}
}