{
  "version": "20.0.0",
  "files": {
    "d919c38f0996aef68bfc4a3b1fdd8b5b79361502066415b734721c4ebe74f023": {
      "source": {
        "path": "S3Stack.template.json",
        "packaging": "file"
      },
      "destinations": {
        "current_account-current_region": {
          "bucketName": "cdk-hnb659fds-assets-${AWS::AccountId}-${AWS::Region}",
          "objectKey": "d919c38f0996aef68bfc4a3b1fdd8b5b79361502066415b734721c4ebe74f023.json",
          "assumeRoleArn": "arn:${AWS::Partition}:iam::${AWS::AccountId}:role/cdk-hnb659fds-file-publishing-role-${AWS::AccountId}-${AWS::Region}"
        }
      }
    }
  },
  "dockerImages": {}
}