{
 "Resources": {
  "curtargetbucket21FBB29A": {
   "Type": "AWS::S3::Bucket",
   "UpdateReplacePolicy": "Retain",
   "DeletionPolicy": "Retain",
   "Metadata": {
    "aws:cdk:path": "S3Stack/curtargetbucket/Resource"
   }
  },
  "CDKMetadata": {
   "Type": "AWS::CDK::Metadata",
   "Properties": {
    "Analytics": "v2:deflate64:H4sIAAAAAAAA/zPSMzbWM1BMLC/WTU7J1s3JTNKrDi5JTM7WAQrFFxvrVTuVJmenlug4p+VBWLUgpn9pSUEpWDAotTi/tCg5FcR2zs9LySzJzM+r1QmoLMnIz9M31jM00DNTzCrOzNQtKs0rycxN1QuC0AAS6V5segAAAA=="
   },
   "Metadata": {
    "aws:cdk:path": "S3Stack/CDKMetadata/Default"
   },
   "Condition": "CDKMetadataAvailable"
  }
 },
 "Outputs": {
  "dataSourceBucketUrl": {
   "Description": "The datasource bucket name",
   "Value": {
    "Fn::Join": [
     "",
     [
      "https://console.aws.amazon.com/s3/buckets/",
      {
       "Ref": "curtargetbucket21FBB29A"
      }
     ]
    ]
   }
  },
  "ExportsOutputFnGetAttcurtargetbucket21FBB29AArnF63CBED1": {
   "Value": {
    "Fn::GetAtt": [
     "curtargetbucket21FBB29A",
     "Arn"
    ]
   },
   "Export": {
    "Name": "S3Stack:ExportsOutputFnGetAttcurtargetbucket21FBB29AArnF63CBED1"
   }
  },
  "ExportsOutputRefcurtargetbucket21FBB29AAFB0045F": {
   "Value": {
    "Ref": "curtargetbucket21FBB29A"
   },
   "Export": {
    "Name": "S3Stack:ExportsOutputRefcurtargetbucket21FBB29AAFB0045F"
   }
  }
 },
 "Conditions": {
  "CDKMetadataAvailable": {
   "Fn::Or": [
    {
     "Fn::Or": [
      {
       "Fn::Equals": [
        {
         "Ref": "AWS::Region"
        },
        "af-south-1"
       ]
      },
      {
       "Fn::Equals": [
        {
         "Ref": "AWS::Region"
        },
        "ap-east-1"
       ]
      },
      {
       "Fn::Equals": [
        {
         "Ref": "AWS::Region"
        },
        "ap-northeast-1"
       ]
      },
      {
       "Fn::Equals": [
        {
         "Ref": "AWS::Region"
        },
        "ap-northeast-2"
       ]
      },
      {
       "Fn::Equals": [
        {
         "Ref": "AWS::Region"
        },
        "ap-south-1"
       ]
      },
      {
       "Fn::Equals": [
        {
         "Ref": "AWS::Region"
        },
        "ap-southeast-1"
       ]
      },
      {
       "Fn::Equals": [
        {
         "Ref": "AWS::Region"
        },
        "ap-southeast-2"
       ]
      },
      {
       "Fn::Equals": [
        {
         "Ref": "AWS::Region"
        },
        "ca-central-1"
       ]
      },
      {
       "Fn::Equals": [
        {
         "Ref": "AWS::Region"
        },
        "cn-north-1"
       ]
      },
      {
       "Fn::Equals": [
        {
         "Ref": "AWS::Region"
        },
        "cn-northwest-1"
       ]
      }
     ]
    },
    {
     "Fn::Or": [
      {
       "Fn::Equals": [
        {
         "Ref": "AWS::Region"
        },
        "eu-central-1"
       ]
      },
      {
       "Fn::Equals": [
        {
         "Ref": "AWS::Region"
        },
        "eu-north-1"
       ]
      },
      {
       "Fn::Equals": [
        {
         "Ref": "AWS::Region"
        },
        "eu-south-1"
       ]
      },
      {
       "Fn::Equals": [
        {
         "Ref": "AWS::Region"
        },
        "eu-west-1"
       ]
      },
      {
       "Fn::Equals": [
        {
         "Ref": "AWS::Region"
        },
        "eu-west-2"
       ]
      },
      {
       "Fn::Equals": [
        {
         "Ref": "AWS::Region"
        },
        "eu-west-3"
       ]
      },
      {
       "Fn::Equals": [
        {
         "Ref": "AWS::Region"
        },
        "me-south-1"
       ]
      },
      {
       "Fn::Equals": [
        {
         "Ref": "AWS::Region"
        },
        "sa-east-1"
       ]
      },
      {
       "Fn::Equals": [
        {
         "Ref": "AWS::Region"
        },
        "us-east-1"
       ]
      },
      {
       "Fn::Equals": [
        {
         "Ref": "AWS::Region"
        },
        "us-east-2"
       ]
      }
     ]
    },
    {
     "Fn::Or": [
      {
       "Fn::Equals": [
        {
         "Ref": "AWS::Region"
        },
        "us-west-1"
       ]
      },
      {
       "Fn::Equals": [
        {
         "Ref": "AWS::Region"
        },
        "us-west-2"
       ]
      }
     ]
    }
   ]
  }
 },
 "Parameters": {
  "BootstrapVersion": {
   "Type": "AWS::SSM::Parameter::Value<String>",
   "Default": "/cdk-bootstrap/hnb659fds/version",
   "Description": "Version of the CDK Bootstrap resources in this environment, automatically retrieved from SSM Parameter Store. [cdk:skip]"
  }
 },
 "Rules": {
  "CheckBootstrapVersion": {
   "Assertions": [
    {
     "Assert": {
      "Fn::Not": [
       {
        "Fn::Contains": [
         [
          "1",
          "2",
          "3",
          "4",
          "5"
         ],
         {
          "Ref": "BootstrapVersion"
         }
        ]
       }
      ]
     },
     "AssertDescription": "CDK bootstrap stack version 6 required. Please run 'cdk bootstrap' with a recent version of the CDK CLI."
    }
   ]
  }
 }
}